dataset,epochs_planned,epochs_run,batch_size,hidden_size,learning_rate,patience,train_accuracy,val_accuracy,test_accuracy,train_loss,val_loss,test_loss
MONK-2,500,500,16,4,0.5,150,100.0,100.0,100.0,0.0061991707673455,0.0074680415762378,0.0071154902989504
MONK-2,500,500,16,4,0.5,100,100.0,100.0,100.0,0.0061991707673455,0.0074680415762378,0.0071154902989504
MONK-2,500,51,16,4,0.5,50,63.70370370370371,55.88235294117647,67.12962962962963,0.593159921468812,0.7063864612646473,0.6398348363575699
MONK-2,500,500,16,4,0.5,60,100.0,100.0,100.0,0.0061991707673455,0.0074680415762378,0.0071154902989504
MONK-2,300,300,16,4,0.5,60,100.0,100.0,100.0,0.01439989031223295,0.01734514890688096,0.016550696887882643
