dataset,epochs_planned,epochs_run,batch_size,hidden_size,learning_rate,patience,train_accuracy,val_accuracy,test_accuracy,train_loss,val_loss,test_loss
MONK-3,300,96,16,4,0.5,60,96.90721649484536,84.0,86.57407407407408,0.1466365371474555,0.6409569545274071,0.3743256065007153
MONK-3,300,136,16,4,0.5,100,96.90721649484536,84.0,86.57407407407408,0.1269697645212122,0.6431189287944028,0.3743256065007153
MONK-3,300,96,16,4,0.5,60,96.90721649484536,84.0,86.57407407407408,0.14663653714745556,0.6409569545274071,0.37432560650071534
